# ID(s) interactor A	ID(s) interactor B	Alt. ID(s) interactor A	Alt. ID(s) interactor B	Alias(es) interactor A	Alias(es) interactor B	Interaction detection method(s)	Publication 1st author(s)	Publication Identifier(s)	Taxid interactor A	Taxid interactor B	Interaction type(s)	Source database(s)	Interaction identifier(s)	Confidence value(s)	Expansion method(s)	Biological role(s) interactor A	Biological role(s) interactor B	Experimental role(s) interactor A	Experimental role(s) interactor B	Type(s) interactor A	Type(s) interactor B	Xref(s) interactor A	Xref(s) interactor B	Interaction Xref(s)	Annotation(s) interactor A	Annotation(s) interactor B	Interaction annotation(s)	Host organism(s)	Interaction parameter(s)	Creation date	Update date	Checksum(s) interactor A	Checksum(s) interactor B	Interaction Checksum(s)	Negative	Feature(s) interactor A	Feature(s) interactor B	Stoichiometry(s) interactor A	Stoichiometry(s) interactor B	Identification method participant A	Identification method participant B
uniprotkb:P68133	uniprotkb:Q9UQM7	uniprotkb:P02568|uniprotkb:P99020|uniprotkb:Q5T8M9|ensembl:ENSP00000355645.3|intact:EBI-367510|uniprotkb:P68133	uniprotkb:Q9UL21|uniprotkb:Q9Y2H4|uniprotkb:Q9Y352|ensembl:ENSP00000261793.8|ensembl:ENSP00000500642.1|intact:EBI-1383687|uniprotkb:Q9UQM7	psi-mi:acts_human(display_short)|psi-mi:Actin, alpha skeletal muscle(display_long)|uniprotkb:ACTA1(gene name)|uniprotkb:Alpha-actin-1(gene name synonym)|uniprotkb:ACTA(gene name synonym)|IntAct:"clone id: CCSB_6410"(author assigned name)	psi-mi:kcc2a_human(display_short)|psi-mi:Calcium/calmodulin-dependent protein kinase type II subunit alpha(display_long)|uniprotkb:CAMK2A(gene name)|uniprotkb:KIAA0968(gene name synonym)|uniprotkb:CAMKA(gene name synonym)|IntAct:"clone id: IOH26807"(author assigned name)	psi-mi:"MI:0398"(two hybrid pooling approach)	Haenig C. et al.(2020)	intact:EBI-25827495|doi:10.1016/j.celrep.2020.108050|pubmed:32814053|imex:IM-28217	taxid:9606(human)|taxid:9606(Homo sapiens)	taxid:9606(human)|taxid:9606(Homo sapiens)	psi-mi:"MI:0915"(physical association)	psi-mi:"MI:0469"(European Bioinformatics Institute)	intact:EBI-25987950|imex:IM-28217-12049	intact-miscore:0.56	-	psi-mi:"MI:0499"(unspecified role)	psi-mi:"MI:0499"(unspecified role)	psi-mi:"MI:0496"(bait)	psi-mi:"MI:0498"(prey)	psi-mi:"MI:0326"(protein)	psi-mi:"MI:0326"(protein)	refseq:NP_001091.1|reactome:R-HSA-9913351|reactome:R-HSA-390522|rcsb pdb:9DUV|rcsb pdb:9DUU|rcsb pdb:7RNV|rcsb pdb:7RNU|rcsb pdb:7RNS|mint:P68133|interpro:IPR043129|interpro:IPR020902|interpro:IPR004001|interpro:IPR004000|iedb:926232(see-also)|iedb:882490(see-also)|iedb:879741(see-also)|iedb:877453(see-also)|iedb:788838(see-also)|iedb:775625(see-also)|iedb:535266(see-also)|iedb:530367(see-also)|iedb:530366(see-also)|iedb:524924(see-also)|iedb:523601(see-also)|iedb:518427(see-also)|iedb:518426(see-also)|iedb:518425(see-also)|iedb:514664(see-also)|iedb:514663(see-also)|iedb:514662(see-also)|iedb:503882(see-also)|iedb:439300(see-also)|iedb:437032(see-also)|efo:"Orphanet:171430"|efo:"Orphanet:171433"|efo:"Orphanet:171436"|efo:"Orphanet:171439"|efo:"Orphanet:2020"|efo:"Orphanet:447977"|efo:"Orphanet:97240"|efo:"Orphanet:97244"|efo:"Orphanet:98904"|panther:PTHR11937(orthology-group)|ensembl:ENSG00000143632.15(gene)|ensembl:ENST00000366684.7(transcript)|go:"GO:0001725"|go:"GO:0005200"|go:"GO:0005524"|go:"GO:0005615"|go:"GO:0005829"|go:"GO:0005865"|go:"GO:0005884"|go:"GO:0006936"|go:"GO:0010628"|go:"GO:0015629"|go:"GO:0016787"|go:"GO:0017022"|go:"GO:0030017"|go:"GO:0030027"|go:"GO:0030175"|go:"GO:0030240"|go:"GO:0043531"|go:"GO:0044297"|go:"GO:0048741"|go:"GO:0070062"|go:"GO:0072562"|go:"GO:0090131"|iedb:1118207(see-also)|iedb:1123650(see-also)|iedb:1736839(see-also)|iedb:177106(see-also)|iedb:2268421(see-also)|iedb:242203(see-also)|entrezgene/locuslink:58(identity)	refseq:NP_741960.1|refseq:NP_001350919.1|refseq:NP_001350918.1|reactome:R-HSA-9656223|reactome:R-HSA-9649948|reactome:R-HSA-9620244|reactome:R-HSA-9617324|reactome:R-HSA-9609736|reactome:R-HSA-936837|reactome:R-HSA-9022692|reactome:R-HSA-877300|reactome:R-HSA-6802955|reactome:R-HSA-6802952|reactome:R-HSA-6802946|reactome:R-HSA-5673001|reactome:R-HSA-5673000|reactome:R-HSA-5578775|reactome:R-HSA-5576892|reactome:R-HSA-442982|reactome:R-HSA-438066|reactome:R-HSA-4086398|reactome:R-HSA-399719|reactome:R-HSA-3371571|reactome:R-HSA-111932|rcsb pdb:9EOY|rcsb pdb:7UJT|rcsb pdb:7UJS|rcsb pdb:7UJR|rcsb pdb:7UJQ|rcsb pdb:7UJP|rcsb pdb:7UIS|rcsb pdb:7UIR|rcsb pdb:7UIQ|rcsb pdb:7REC|rcsb pdb:7KL2|rcsb pdb:7KL1|rcsb pdb:7KL0|rcsb pdb:6X5Q|rcsb pdb:6X5G|rcsb pdb:6W4P|rcsb pdb:6W4O|rcsb pdb:6VZK|rcsb pdb:6OF8|rcsb pdb:5IG3|rcsb pdb:3SOA|rcsb pdb:2VZ6|mint:Q9UQM7|interpro:IPR032710|interpro:IPR017441|interpro:IPR013543|interpro:IPR011009|interpro:IPR008271|interpro:IPR000719|iedb:934977(see-also)|iedb:758335(see-also)|iedb:710440(see-also)|iedb:607955(see-also)|iedb:240184(see-also)|iedb:1228948(see-also)|go:"GO:2001222"|go:"GO:2000124"|go:"GO:1990443"|go:"GO:1903076"|go:"GO:1902108"|go:"GO:0106310"|go:"GO:0071346"|go:"GO:0060996"|efo:"Orphanet:178469"|dip:DIP-39705N|panther:PTHR24347(orthology-group)|ensembl:ENSG00000070808.17(gene)|ensembl:ENST00000348628.11(transcript)|ensembl:ENST00000672479.1(transcript)|go:"GO:0000082"|go:"GO:0002931"|go:"GO:0004674"|go:"GO:0004683"|go:"GO:0005516"|go:"GO:0005524"|go:"GO:0005634"|go:"GO:0005654"|go:"GO:0005737"|go:"GO:0005739"|go:"GO:0005829"|go:"GO:0005954"|go:"GO:0006468"|go:"GO:0006816"|go:"GO:0010666"|go:"GO:0014069"|go:"GO:0016301"|go:"GO:0030666"|go:"GO:0035254"|go:"GO:0035458"|go:"GO:0038166"|go:"GO:0042802"|go:"GO:0042803"|go:"GO:0043005"|go:"GO:0043197"|go:"GO:0046427"|go:"GO:0046872"|go:"GO:0046928"|go:"GO:0048168"|go:"GO:0051092"|go:"GO:0051346"|go:"GO:0051928"|go:"GO:0060291"|entrezgene/locuslink:815(identity)		-	-	figure legend:Table S2|full coverage:Only protein-protein interactions	taxid:4932(yeasx)|taxid:4932("Saccharomyces cerevisiae (Baker's yeast)")	-	2020/09/16	2026/01/11	crc64:DF2A3A046346A179	crc64:208143A311BA9262	-	-	-	-	0	0	psi-mi:"MI:0396"(predetermined participant)	psi-mi:"MI:0396"(predetermined participant)
uniprotkb:P13693	uniprotkb:P68133	uniprotkb:Q6YLS2|uniprotkb:Q7Z4J4|uniprotkb:Q96EE2|uniprotkb:Q9UC70|intact:EBI-1058458|uniprotkb:B2R7E5|intact:EBI-5772926|uniprotkb:Q8TBK7|ensembl:ENSP00000431872.2|intact:EBI-1783169|uniprotkb:P13693	uniprotkb:P02568|uniprotkb:P99020|uniprotkb:Q5T8M9|ensembl:ENSP00000355645.3|intact:EBI-367510|uniprotkb:P68133	psi-mi:tctp_human(display_short)|psi-mi:Translationally-controlled tumor protein(display_long)|uniprotkb:TPT1(gene name)|uniprotkb:Fortilin(gene name synonym)|uniprotkb:Histamine-releasing factor(gene name synonym)|uniprotkb:p23(gene name synonym)	psi-mi:acts_human(display_short)|psi-mi:Actin, alpha skeletal muscle(display_long)|uniprotkb:ACTA1(gene name)|uniprotkb:Alpha-actin-1(gene name synonym)|uniprotkb:ACTA(gene name synonym)	psi-mi:"MI:0006"(anti bait coimmunoprecipitation)	Li S. et al.(2016)	intact:EBI-20976920|pubmed:27607350|imex:IM-26669	taxid:9606(human)|taxid:9606(Homo sapiens)	taxid:9606(human)|taxid:9606(Homo sapiens)	psi-mi:"MI:0914"(association)	psi-mi:"MI:0471"(MINT, Dpt of Biology, University of Rome Tor Vergata)	intact:EBI-20992046|imex:IM-26669-17	intact-miscore:0.35	psi-mi:"MI:1060"(spoke expansion)	psi-mi:"MI:0499"(unspecified role)	psi-mi:"MI:0499"(unspecified role)	psi-mi:"MI:0496"(bait)	psi-mi:"MI:0498"(prey)	psi-mi:"MI:0326"(protein)	psi-mi:"MI:0326"(protein)	panther:PTHR11991(orthology-group)|refseq:NP_003286.1|refseq:NP_001273202.1|rcsb pdb:6IZE|rcsb pdb:6IZB|rcsb pdb:5O9M|rcsb pdb:5O9L|rcsb pdb:4Z9V|rcsb pdb:3EBM|rcsb pdb:2HR9|rcsb pdb:1YZ1|mint:P13693|interpro:IPR034737|interpro:IPR018105|interpro:IPR018103|interpro:IPR011323|interpro:IPR011057|iedb:987380(see-also)|iedb:951616(see-also)|iedb:950640(see-also)|iedb:926018(see-also)|iedb:923291(see-also)|iedb:915196(see-also)|iedb:892245(see-also)|iedb:860749(see-also)|iedb:845886(see-also)|iedb:831692(see-also)|iedb:742799(see-also)|iedb:710573(see-also)|iedb:704225(see-also)|iedb:697236(see-also)|iedb:697217(see-also)|iedb:666882(see-also)|iedb:644732(see-also)|iedb:644731(see-also)|iedb:642596(see-also)|iedb:631701(see-also)|iedb:607350(see-also)|iedb:588065(see-also)|iedb:568860(see-also)|iedb:504858(see-also)|iedb:483831(see-also)|iedb:483255(see-also)|iedb:479277(see-also)|iedb:478433(see-also)|iedb:477501(see-also)|iedb:475262(see-also)|iedb:461567(see-also)|iedb:455030(see-also)|iedb:447589(see-also)|iedb:446876(see-also)|iedb:241973(see-also)|iedb:2262908(see-also)|iedb:2158995(see-also)|iedb:213210(see-also)|iedb:2000776(see-also)|iedb:1995794(see-also)|iedb:1985922(see-also)|iedb:1978390(see-also)|iedb:1978388(see-also)|iedb:1976303(see-also)|iedb:1887164(see-also)|iedb:1860679(see-also)|iedb:1858930(see-also)|iedb:1825148(see-also)|iedb:1811142(see-also)|iedb:1783210(see-also)|iedb:1775642(see-also)|iedb:1775640(see-also)|iedb:1775639(see-also)|iedb:177223(see-also)|iedb:1766665(see-also)|iedb:1766664(see-also)|iedb:1743445(see-also)|iedb:1714138(see-also)|iedb:1713286(see-also)|iedb:1612813(see-also)|iedb:1605525(see-also)|iedb:1584932(see-also)|iedb:1583288(see-also)|iedb:1578417(see-also)|iedb:1577208(see-also)|dip:DIP-40097N|ensembl:ENSG00000133112.17(gene)|ensembl:ENST00000530705.6(transcript)|go:"GO:0000922"|go:"GO:0003723"|go:"GO:0005509"|go:"GO:0005615"|go:"GO:0005634"|go:"GO:0005654"|go:"GO:0005737"|go:"GO:0005771"|go:"GO:0005829"|go:"GO:0005881"|go:"GO:0006816"|go:"GO:0006874"|go:"GO:0009615"|go:"GO:0019827"|go:"GO:0042981"|go:"GO:0043066"|go:"GO:0070062"|go:"GO:0140297"|go:"GO:1902230"|go:"GO:2000384"|iedb:1022400(see-also)|iedb:1040737(see-also)|iedb:1049029(see-also)|iedb:1057836(see-also)|iedb:1078189(see-also)|iedb:1078562(see-also)|iedb:1078848(see-also)|iedb:1106892(see-also)|iedb:1124652(see-also)|iedb:1128093(see-also)|iedb:1306284(see-also)|iedb:1348806(see-also)	refseq:NP_001091.1|reactome:R-HSA-9913351|reactome:R-HSA-390522|rcsb pdb:9DUV|rcsb pdb:9DUU|rcsb pdb:7RNV|rcsb pdb:7RNU|rcsb pdb:7RNS|mint:P68133|interpro:IPR043129|interpro:IPR020902|interpro:IPR004001|interpro:IPR004000|iedb:926232(see-also)|iedb:882490(see-also)|iedb:879741(see-also)|iedb:877453(see-also)|iedb:788838(see-also)|iedb:775625(see-also)|iedb:535266(see-also)|iedb:530367(see-also)|iedb:530366(see-also)|iedb:524924(see-also)|iedb:523601(see-also)|iedb:518427(see-also)|iedb:518426(see-also)|iedb:518425(see-also)|iedb:514664(see-also)|iedb:514663(see-also)|iedb:514662(see-also)|iedb:503882(see-also)|iedb:439300(see-also)|iedb:437032(see-also)|efo:"Orphanet:171430"|efo:"Orphanet:171433"|efo:"Orphanet:171436"|efo:"Orphanet:171439"|efo:"Orphanet:2020"|efo:"Orphanet:447977"|efo:"Orphanet:97240"|efo:"Orphanet:97244"|efo:"Orphanet:98904"|panther:PTHR11937(orthology-group)|ensembl:ENSG00000143632.15(gene)|ensembl:ENST00000366684.7(transcript)|go:"GO:0001725"|go:"GO:0005200"|go:"GO:0005524"|go:"GO:0005615"|go:"GO:0005829"|go:"GO:0005865"|go:"GO:0005884"|go:"GO:0006936"|go:"GO:0010628"|go:"GO:0015629"|go:"GO:0016787"|go:"GO:0017022"|go:"GO:0030017"|go:"GO:0030027"|go:"GO:0030175"|go:"GO:0030240"|go:"GO:0043531"|go:"GO:0044297"|go:"GO:0048741"|go:"GO:0070062"|go:"GO:0072562"|go:"GO:0090131"|iedb:1118207(see-also)|iedb:1123650(see-also)|iedb:1736839(see-also)|iedb:177106(see-also)|iedb:2268421(see-also)|iedb:242203(see-also)		-	-	figure legend:ST2 F1 F2|full coverage:Only protein-protein interactions	taxid:9606(human-hela)|taxid:9606(Homo sapiens HeLa epitheloid cervical carcinoma cell)	-	2018/11/29	2026/01/11	crc64:BD31399B71CA62F9	crc64:DF2A3A046346A179	-	-	-	-	0	0	psi-mi:"MI:0102"(sequence tag identification)	psi-mi:"MI:0102"(sequence tag identification)
uniprotkb:Q0VD86	uniprotkb:P68133	ensembl:ENSP00000458316.1|ensembl:ENSP00000460673.1|ensembl:ENSP00000511805.1|uniprotkb:Q6J273|uniprotkb:Q6PKN9|intact:EBI-6509505|uniprotkb:Q0VD86	uniprotkb:P02568|uniprotkb:P99020|uniprotkb:Q5T8M9|ensembl:ENSP00000355645.3|intact:EBI-367510|uniprotkb:P68133	psi-mi:inca1_human(display_short)|psi-mi:Protein INCA1(display_long)|uniprotkb:INCA1(gene name)|uniprotkb:Inhibitor of CDK interacting with cyclin A1(gene name synonym)|uniprotkb:HSD45(orf name)|IntAct:"clone id: CCSB_56442"(author assigned name)	psi-mi:acts_human(display_short)|psi-mi:Actin, alpha skeletal muscle(display_long)|uniprotkb:ACTA1(gene name)|uniprotkb:Alpha-actin-1(gene name synonym)|uniprotkb:ACTA(gene name synonym)|IntAct:"clone id: CCSB_6410"(author assigned name)	psi-mi:"MI:0398"(two hybrid pooling approach)	Haenig C. et al.(2020)	intact:EBI-25827495|doi:10.1016/j.celrep.2020.108050|pubmed:32814053|imex:IM-28217	taxid:9606(human)|taxid:9606(Homo sapiens)	taxid:9606(human)|taxid:9606(Homo sapiens)	psi-mi:"MI:0915"(physical association)	psi-mi:"MI:0469"(European Bioinformatics Institute)	intact:EBI-25987992|imex:IM-28217-47869	intact-miscore:0.56	-	psi-mi:"MI:0499"(unspecified role)	psi-mi:"MI:0499"(unspecified role)	psi-mi:"MI:0498"(prey)	psi-mi:"MI:0496"(bait)	psi-mi:"MI:0326"(protein)	psi-mi:"MI:0326"(protein)	ensembl:ENSG00000196388.9(gene)|ensembl:ENST00000574617.1(transcript)|ensembl:ENST00000576820.5(transcript)|ensembl:ENST00000695324.1(transcript)|go:"GO:0004861"|go:"GO:0005634"|go:"GO:0005654"|go:"GO:0005737"|go:"GO:0008285"|go:"GO:0016604"|go:"GO:0030332"|go:"GO:0042802"|go:"GO:0044877"|go:"GO:0045736"|go:"GO:0048144"|go:"GO:0048147"|go:"GO:0097190"|go:"GO:2001235"|iedb:997611(see-also)|interpro:IPR026238|mint:Q0VD86|refseq:NP_001161457.1|refseq:NP_001161458.1|refseq:NP_001161459.1|refseq:NP_001381717.1|refseq:NP_001381718.1|refseq:NP_001381719.1|refseq:NP_001381720.1|refseq:NP_998891.2|refseq:XP_005256684.1|refseq:XP_005256685.1|refseq:XP_005256686.1|refseq:XP_006721580.1|refseq:XP_006721581.1|refseq:XP_006721582.1|refseq:XP_011522134.1|panther:PTHR37341(orthology-group)|entrezgene/locuslink:388324(identity)	refseq:NP_001091.1|reactome:R-HSA-9913351|reactome:R-HSA-390522|rcsb pdb:9DUV|rcsb pdb:9DUU|rcsb pdb:7RNV|rcsb pdb:7RNU|rcsb pdb:7RNS|mint:P68133|interpro:IPR043129|interpro:IPR020902|interpro:IPR004001|interpro:IPR004000|iedb:926232(see-also)|iedb:882490(see-also)|iedb:879741(see-also)|iedb:877453(see-also)|iedb:788838(see-also)|iedb:775625(see-also)|iedb:535266(see-also)|iedb:530367(see-also)|iedb:530366(see-also)|iedb:524924(see-also)|iedb:523601(see-also)|iedb:518427(see-also)|iedb:518426(see-also)|iedb:518425(see-also)|iedb:514664(see-also)|iedb:514663(see-also)|iedb:514662(see-also)|iedb:503882(see-also)|iedb:439300(see-also)|iedb:437032(see-also)|efo:"Orphanet:171430"|efo:"Orphanet:171433"|efo:"Orphanet:171436"|efo:"Orphanet:171439"|efo:"Orphanet:2020"|efo:"Orphanet:447977"|efo:"Orphanet:97240"|efo:"Orphanet:97244"|efo:"Orphanet:98904"|panther:PTHR11937(orthology-group)|ensembl:ENSG00000143632.15(gene)|ensembl:ENST00000366684.7(transcript)|go:"GO:0001725"|go:"GO:0005200"|go:"GO:0005524"|go:"GO:0005615"|go:"GO:0005829"|go:"GO:0005865"|go:"GO:0005884"|go:"GO:0006936"|go:"GO:0010628"|go:"GO:0015629"|go:"GO:0016787"|go:"GO:0017022"|go:"GO:0030017"|go:"GO:0030027"|go:"GO:0030175"|go:"GO:0030240"|go:"GO:0043531"|go:"GO:0044297"|go:"GO:0048741"|go:"GO:0070062"|go:"GO:0072562"|go:"GO:0090131"|iedb:1118207(see-also)|iedb:1123650(see-also)|iedb:1736839(see-also)|iedb:177106(see-also)|iedb:2268421(see-also)|iedb:242203(see-also)|entrezgene/locuslink:58(identity)		-	-	figure legend:Table S2|full coverage:Only protein-protein interactions	taxid:4932(yeasx)|taxid:4932("Saccharomyces cerevisiae (Baker's yeast)")	-	2020/09/16	2026/01/11	crc64:A9808D24144AB07D	crc64:DF2A3A046346A179	-	-	-	-	0	0	psi-mi:"MI:0396"(predetermined participant)	psi-mi:"MI:0396"(predetermined participant)
uniprotkb:Q6ZQX7-4	uniprotkb:P68133	intact:EBI-25830459|uniprotkb:Q6ZQX7-4	uniprotkb:P02568|uniprotkb:P99020|uniprotkb:Q5T8M9|ensembl:ENSP00000355645.3|intact:EBI-367510|uniprotkb:P68133	psi-mi:q6zqx74(display_short)|psi-mi:Isoform 4 of Protein LIAT1(display_long)|uniprotkb:C17orf97(gene name synonym)|uniprotkb:LIAT1(gene name)|IntAct:"clone id: CCSB_14418"(author assigned name)	psi-mi:acts_human(display_short)|psi-mi:Actin, alpha skeletal muscle(display_long)|uniprotkb:ACTA1(gene name)|uniprotkb:Alpha-actin-1(gene name synonym)|uniprotkb:ACTA(gene name synonym)|IntAct:"clone id: CCSB_6410"(author assigned name)	psi-mi:"MI:0398"(two hybrid pooling approach)	Haenig C. et al.(2020)	intact:EBI-25827495|doi:10.1016/j.celrep.2020.108050|pubmed:32814053|imex:IM-28217	taxid:9606(human)|taxid:9606(Homo sapiens)	taxid:9606(human)|taxid:9606(Homo sapiens)	psi-mi:"MI:0915"(physical association)	psi-mi:"MI:0469"(European Bioinformatics Institute)	intact:EBI-25988000|imex:IM-28217-71349	intact-miscore:0.56	-	psi-mi:"MI:0499"(unspecified role)	psi-mi:"MI:0499"(unspecified role)	psi-mi:"MI:0498"(prey)	psi-mi:"MI:0496"(bait)	psi-mi:"MI:0326"(protein)	psi-mi:"MI:0326"(protein)	uniprotkb:Q6ZQX7-4(isoform-parent)|entrezgene/locuslink:400566(identity)	refseq:NP_001091.1|reactome:R-HSA-9913351|reactome:R-HSA-390522|rcsb pdb:9DUV|rcsb pdb:9DUU|rcsb pdb:7RNV|rcsb pdb:7RNU|rcsb pdb:7RNS|mint:P68133|interpro:IPR043129|interpro:IPR020902|interpro:IPR004001|interpro:IPR004000|iedb:926232(see-also)|iedb:882490(see-also)|iedb:879741(see-also)|iedb:877453(see-also)|iedb:788838(see-also)|iedb:775625(see-also)|iedb:535266(see-also)|iedb:530367(see-also)|iedb:530366(see-also)|iedb:524924(see-also)|iedb:523601(see-also)|iedb:518427(see-also)|iedb:518426(see-also)|iedb:518425(see-also)|iedb:514664(see-also)|iedb:514663(see-also)|iedb:514662(see-also)|iedb:503882(see-also)|iedb:439300(see-also)|iedb:437032(see-also)|efo:"Orphanet:171430"|efo:"Orphanet:171433"|efo:"Orphanet:171436"|efo:"Orphanet:171439"|efo:"Orphanet:2020"|efo:"Orphanet:447977"|efo:"Orphanet:97240"|efo:"Orphanet:97244"|efo:"Orphanet:98904"|panther:PTHR11937(orthology-group)|ensembl:ENSG00000143632.15(gene)|ensembl:ENST00000366684.7(transcript)|go:"GO:0001725"|go:"GO:0005200"|go:"GO:0005524"|go:"GO:0005615"|go:"GO:0005829"|go:"GO:0005865"|go:"GO:0005884"|go:"GO:0006936"|go:"GO:0010628"|go:"GO:0015629"|go:"GO:0016787"|go:"GO:0017022"|go:"GO:0030017"|go:"GO:0030027"|go:"GO:0030175"|go:"GO:0030240"|go:"GO:0043531"|go:"GO:0044297"|go:"GO:0048741"|go:"GO:0070062"|go:"GO:0072562"|go:"GO:0090131"|iedb:1118207(see-also)|iedb:1123650(see-also)|iedb:1736839(see-also)|iedb:177106(see-also)|iedb:2268421(see-also)|iedb:242203(see-also)|entrezgene/locuslink:58(identity)		-	-	figure legend:Table S2|full coverage:Only protein-protein interactions	taxid:4932(yeasx)|taxid:4932("Saccharomyces cerevisiae (Baker's yeast)")	-	2020/09/16	2026/01/11	-	crc64:DF2A3A046346A179	-	-	-	-	0	0	psi-mi:"MI:0396"(predetermined participant)	psi-mi:"MI:0396"(predetermined participant)
uniprotkb:Q96PV4	uniprotkb:P68133	uniprotkb:Q8NET3|uniprotkb:B4DI72|uniprotkb:Q495L5|uniprotkb:B7Z9Y9|ensembl:ENSP00000354834.5|ensembl:ENSP00000388850.1|ensembl:ENSP00000392342.1|ensembl:ENSP00000445775.1|ensembl:ENSP00000517983.1|ensembl:ENSP00000517984.1|ensembl:ENSP00000517985.1|ensembl:ENSP00000517986.1|intact:EBI-10171633|uniprotkb:Q96PV4	uniprotkb:P02568|uniprotkb:P99020|uniprotkb:Q5T8M9|ensembl:ENSP00000355645.3|intact:EBI-367510|uniprotkb:P68133	psi-mi:pnma5_human(display_short)|psi-mi:Paraneoplastic antigen-like protein 5(display_long)|uniprotkb:PNMA5(gene name)|uniprotkb:Tumor antigen BJ-HCC-25(gene name synonym)|uniprotkb:KIAA1934(gene name synonym)|IntAct:"clone id: CCSB_55921"(author assigned name)	psi-mi:acts_human(display_short)|psi-mi:Actin, alpha skeletal muscle(display_long)|uniprotkb:ACTA1(gene name)|uniprotkb:Alpha-actin-1(gene name synonym)|uniprotkb:ACTA(gene name synonym)|IntAct:"clone id: CCSB_6410"(author assigned name)	psi-mi:"MI:1356"(validated two hybrid)	Haenig C. et al.(2020)	intact:EBI-25827495|doi:10.1016/j.celrep.2020.108050|pubmed:32814053|imex:IM-28217	taxid:9606(human)|taxid:9606(Homo sapiens)	taxid:9606(human)|taxid:9606(Homo sapiens)	psi-mi:"MI:0915"(physical association)	psi-mi:"MI:0469"(European Bioinformatics Institute)	intact:EBI-26142123|imex:IM-28217-43863	intact-miscore:0.56	-	psi-mi:"MI:0499"(unspecified role)	psi-mi:"MI:0499"(unspecified role)	psi-mi:"MI:0497"(neutral component)	psi-mi:"MI:0497"(neutral component)	psi-mi:"MI:0326"(protein)	psi-mi:"MI:0326"(protein)	panther:PTHR23095(orthology-group)|ensembl:ENSG00000198883.12(gene)|ensembl:ENSG00000292194.1(gene)|ensembl:ENST00000361887.5(transcript)|ensembl:ENST00000439251.3(transcript)|ensembl:ENST00000452693.5(transcript)|ensembl:ENST00000535214.6(transcript)|ensembl:ENST00000710002.1(transcript)|ensembl:ENST00000710003.1(transcript)|ensembl:ENST00000710004.1(transcript)|ensembl:ENST00000710005.1(transcript)|go:"GO:0005634"|go:"GO:0042802"|go:"GO:0043065"|iedb:2008817(see-also)|iedb:2067292(see-also)|iedb:2069659(see-also)|iedb:765932(see-also)|iedb:775646(see-also)|interpro:IPR026523|interpro:IPR048270|interpro:IPR048271|refseq:NP_001096620.1|refseq:NP_001096621.1|refseq:NP_001171853.1|refseq:NP_443158.1|refseq:XP_016884741.1|refseq:XP_016884742.1|refseq:XP_054182396.1|refseq:XP_054182397.1|refseq:XP_054189308.1|refseq:XP_054189309.1|entrezgene/locuslink:114824(identity)	refseq:NP_001091.1|reactome:R-HSA-9913351|reactome:R-HSA-390522|rcsb pdb:9DUV|rcsb pdb:9DUU|rcsb pdb:7RNV|rcsb pdb:7RNU|rcsb pdb:7RNS|mint:P68133|interpro:IPR043129|interpro:IPR020902|interpro:IPR004001|interpro:IPR004000|iedb:926232(see-also)|iedb:882490(see-also)|iedb:879741(see-also)|iedb:877453(see-also)|iedb:788838(see-also)|iedb:775625(see-also)|iedb:535266(see-also)|iedb:530367(see-also)|iedb:530366(see-also)|iedb:524924(see-also)|iedb:523601(see-also)|iedb:518427(see-also)|iedb:518426(see-also)|iedb:518425(see-also)|iedb:514664(see-also)|iedb:514663(see-also)|iedb:514662(see-also)|iedb:503882(see-also)|iedb:439300(see-also)|iedb:437032(see-also)|efo:"Orphanet:171430"|efo:"Orphanet:171433"|efo:"Orphanet:171436"|efo:"Orphanet:171439"|efo:"Orphanet:2020"|efo:"Orphanet:447977"|efo:"Orphanet:97240"|efo:"Orphanet:97244"|efo:"Orphanet:98904"|panther:PTHR11937(orthology-group)|ensembl:ENSG00000143632.15(gene)|ensembl:ENST00000366684.7(transcript)|go:"GO:0001725"|go:"GO:0005200"|go:"GO:0005524"|go:"GO:0005615"|go:"GO:0005829"|go:"GO:0005865"|go:"GO:0005884"|go:"GO:0006936"|go:"GO:0010628"|go:"GO:0015629"|go:"GO:0016787"|go:"GO:0017022"|go:"GO:0030017"|go:"GO:0030027"|go:"GO:0030175"|go:"GO:0030240"|go:"GO:0043531"|go:"GO:0044297"|go:"GO:0048741"|go:"GO:0070062"|go:"GO:0072562"|go:"GO:0090131"|iedb:1118207(see-also)|iedb:1123650(see-also)|iedb:1736839(see-also)|iedb:177106(see-also)|iedb:2268421(see-also)|iedb:242203(see-also)|entrezgene/locuslink:58(identity)		-	-	figure legend:Table S2|full coverage:Only protein-protein interactions	taxid:4932(yeasx)|taxid:4932("Saccharomyces cerevisiae (Baker's yeast)")	-	2020/09/16	2026/01/11	crc64:5F6BC8A15B457A89	crc64:DF2A3A046346A179	-	-	-	-	0	0	psi-mi:"MI:0396"(predetermined participant)	psi-mi:"MI:0396"(predetermined participant)
uniprotkb:Q6ZQX7-4	uniprotkb:P68133	intact:EBI-25830459|uniprotkb:Q6ZQX7-4	uniprotkb:P02568|uniprotkb:P99020|uniprotkb:Q5T8M9|ensembl:ENSP00000355645.3|intact:EBI-367510|uniprotkb:P68133	psi-mi:q6zqx74(display_short)|psi-mi:Isoform 4 of Protein LIAT1(display_long)|uniprotkb:C17orf97(gene name synonym)|uniprotkb:LIAT1(gene name)|IntAct:"clone id: CCSB_14418"(author assigned name)	psi-mi:acts_human(display_short)|psi-mi:Actin, alpha skeletal muscle(display_long)|uniprotkb:ACTA1(gene name)|uniprotkb:Alpha-actin-1(gene name synonym)|uniprotkb:ACTA(gene name synonym)|IntAct:"clone id: CCSB_6410"(author assigned name)	psi-mi:"MI:1356"(validated two hybrid)	Haenig C. et al.(2020)	intact:EBI-25827495|doi:10.1016/j.celrep.2020.108050|pubmed:32814053|imex:IM-28217	taxid:9606(human)|taxid:9606(Homo sapiens)	taxid:9606(human)|taxid:9606(Homo sapiens)	psi-mi:"MI:0915"(physical association)	psi-mi:"MI:0469"(European Bioinformatics Institute)	intact:EBI-26142147|imex:IM-28217-90725	intact-miscore:0.56	-	psi-mi:"MI:0499"(unspecified role)	psi-mi:"MI:0499"(unspecified role)	psi-mi:"MI:0497"(neutral component)	psi-mi:"MI:0497"(neutral component)	psi-mi:"MI:0326"(protein)	psi-mi:"MI:0326"(protein)	uniprotkb:Q6ZQX7-4(isoform-parent)|entrezgene/locuslink:400566(identity)	refseq:NP_001091.1|reactome:R-HSA-9913351|reactome:R-HSA-390522|rcsb pdb:9DUV|rcsb pdb:9DUU|rcsb pdb:7RNV|rcsb pdb:7RNU|rcsb pdb:7RNS|mint:P68133|interpro:IPR043129|interpro:IPR020902|interpro:IPR004001|interpro:IPR004000|iedb:926232(see-also)|iedb:882490(see-also)|iedb:879741(see-also)|iedb:877453(see-also)|iedb:788838(see-also)|iedb:775625(see-also)|iedb:535266(see-also)|iedb:530367(see-also)|iedb:530366(see-also)|iedb:524924(see-also)|iedb:523601(see-also)|iedb:518427(see-also)|iedb:518426(see-also)|iedb:518425(see-also)|iedb:514664(see-also)|iedb:514663(see-also)|iedb:514662(see-also)|iedb:503882(see-also)|iedb:439300(see-also)|iedb:437032(see-also)|efo:"Orphanet:171430"|efo:"Orphanet:171433"|efo:"Orphanet:171436"|efo:"Orphanet:171439"|efo:"Orphanet:2020"|efo:"Orphanet:447977"|efo:"Orphanet:97240"|efo:"Orphanet:97244"|efo:"Orphanet:98904"|panther:PTHR11937(orthology-group)|ensembl:ENSG00000143632.15(gene)|ensembl:ENST00000366684.7(transcript)|go:"GO:0001725"|go:"GO:0005200"|go:"GO:0005524"|go:"GO:0005615"|go:"GO:0005829"|go:"GO:0005865"|go:"GO:0005884"|go:"GO:0006936"|go:"GO:0010628"|go:"GO:0015629"|go:"GO:0016787"|go:"GO:0017022"|go:"GO:0030017"|go:"GO:0030027"|go:"GO:0030175"|go:"GO:0030240"|go:"GO:0043531"|go:"GO:0044297"|go:"GO:0048741"|go:"GO:0070062"|go:"GO:0072562"|go:"GO:0090131"|iedb:1118207(see-also)|iedb:1123650(see-also)|iedb:1736839(see-also)|iedb:177106(see-also)|iedb:2268421(see-also)|iedb:242203(see-also)|entrezgene/locuslink:58(identity)		-	-	figure legend:Table S2|full coverage:Only protein-protein interactions	taxid:4932(yeasx)|taxid:4932("Saccharomyces cerevisiae (Baker's yeast)")	-	2020/09/16	2026/01/11	-	crc64:DF2A3A046346A179	-	-	-	-	0	0	psi-mi:"MI:0396"(predetermined participant)	psi-mi:"MI:0396"(predetermined participant)
uniprotkb:Q01518-2	uniprotkb:P68133	ensembl:ENSP00000344832.3|ensembl:ENSP00000361884.1|ensembl:ENSP00000361888.1|intact:EBI-11045271|uniprotkb:Q01518-2	uniprotkb:P02568|uniprotkb:P99020|uniprotkb:Q5T8M9|ensembl:ENSP00000355645.3|intact:EBI-367510|uniprotkb:P68133	psi-mi:q01518-2(display_short)|psi-mi:Adenylyl cyclase-associated protein 1(display_long)|uniprotkb:CAP(gene name synonym)|uniprotkb:CAP1(gene name)|IntAct:CAP1(author assigned name)	psi-mi:acts_human(display_short)|psi-mi:Actin, alpha skeletal muscle(display_long)|uniprotkb:ACTA1(gene name)|uniprotkb:Alpha-actin-1(gene name synonym)|uniprotkb:ACTA(gene name synonym)|IntAct:Acta1(author assigned name)	psi-mi:"MI:0007"(anti tag coimmunoprecipitation)	Huttlin EL. et al.(2017)	intact:EBI-15481134|doi:10.1038/nature22366|pubmed:28514442|imex:IM-25778	taxid:9606(human)|taxid:9606(Homo sapiens)	taxid:9606(human)|taxid:9606(Homo sapiens)	psi-mi:"MI:0914"(association)	psi-mi:"MI:0469"(European Bioinformatics Institute)	intact:EBI-21840659|imex:IM-25778-1059	intact-miscore:0.35	psi-mi:"MI:1060"(spoke expansion)	psi-mi:"MI:0499"(unspecified role)	psi-mi:"MI:0499"(unspecified role)	psi-mi:"MI:0496"(bait)	psi-mi:"MI:0498"(prey)	psi-mi:"MI:0326"(protein)	psi-mi:"MI:0326"(protein)	intact:EBI-2808398(isoform-parent)|uniprotkb:Q01518-2(isoform-parent)|ensembl:ENSG00000131236.18(gene)|ensembl:ENST00000340450.7(transcript)|ensembl:ENST00000372798.5(transcript)|ensembl:ENST00000372802.5(transcript)|entrezgene/locuslink:10487(identity)	refseq:NP_001091.1|reactome:R-HSA-9913351|reactome:R-HSA-390522|rcsb pdb:9DUV|rcsb pdb:9DUU|rcsb pdb:7RNV|rcsb pdb:7RNU|rcsb pdb:7RNS|mint:P68133|interpro:IPR043129|interpro:IPR020902|interpro:IPR004001|interpro:IPR004000|iedb:926232(see-also)|iedb:882490(see-also)|iedb:879741(see-also)|iedb:877453(see-also)|iedb:788838(see-also)|iedb:775625(see-also)|iedb:535266(see-also)|iedb:530367(see-also)|iedb:530366(see-also)|iedb:524924(see-also)|iedb:523601(see-also)|iedb:518427(see-also)|iedb:518426(see-also)|iedb:518425(see-also)|iedb:514664(see-also)|iedb:514663(see-also)|iedb:514662(see-also)|iedb:503882(see-also)|iedb:439300(see-also)|iedb:437032(see-also)|efo:"Orphanet:171430"|efo:"Orphanet:171433"|efo:"Orphanet:171436"|efo:"Orphanet:171439"|efo:"Orphanet:2020"|efo:"Orphanet:447977"|efo:"Orphanet:97240"|efo:"Orphanet:97244"|efo:"Orphanet:98904"|panther:PTHR11937(orthology-group)|ensembl:ENSG00000143632.15(gene)|ensembl:ENST00000366684.7(transcript)|go:"GO:0001725"|go:"GO:0005200"|go:"GO:0005524"|go:"GO:0005615"|go:"GO:0005829"|go:"GO:0005865"|go:"GO:0005884"|go:"GO:0006936"|go:"GO:0010628"|go:"GO:0015629"|go:"GO:0016787"|go:"GO:0017022"|go:"GO:0030017"|go:"GO:0030027"|go:"GO:0030175"|go:"GO:0030240"|go:"GO:0043531"|go:"GO:0044297"|go:"GO:0048741"|go:"GO:0070062"|go:"GO:0072562"|go:"GO:0090131"|iedb:1118207(see-also)|iedb:1123650(see-also)|iedb:1736839(see-also)|iedb:177106(see-also)|iedb:2268421(see-also)|iedb:242203(see-also)|entrezgene/locuslink:58(identity)		-	-	figure legend:Supplementary table 1|full coverage:Only protein-protein interactions	taxid:9606(human-293t)|taxid:9606(Homo sapiens HEK293T embryonic kidney cell)	-	2019/07/11	2026/01/11	crc64:E0CD26F4975A39A0	crc64:DF2A3A046346A179	-	-	tandem tag:c-c	-	0	0	psi-mi:"MI:0102"(sequence tag identification)	psi-mi:"MI:0102"(sequence tag identification)
uniprotkb:Q92542-2	uniprotkb:P68133	intact:EBI-21836984|uniprotkb:Q92542-2	uniprotkb:P02568|uniprotkb:P99020|uniprotkb:Q5T8M9|ensembl:ENSP00000355645.3|intact:EBI-367510|uniprotkb:P68133	psi-mi:q92542-2(display_short)|psi-mi:Nicastrin(display_long)|uniprotkb:KIAA0253(gene name synonym)|uniprotkb:UNQ1874/PRO4317(orf name)|uniprotkb:Ncstn(gene name)|IntAct:NCSTN(author assigned name)	psi-mi:acts_human(display_short)|psi-mi:Actin, alpha skeletal muscle(display_long)|uniprotkb:ACTA1(gene name)|uniprotkb:Alpha-actin-1(gene name synonym)|uniprotkb:ACTA(gene name synonym)|IntAct:Acta1(author assigned name)	psi-mi:"MI:0007"(anti tag coimmunoprecipitation)	Huttlin EL. et al.(2017)	intact:EBI-15481134|doi:10.1038/nature22366|pubmed:28514442|imex:IM-25778	taxid:9606(human)|taxid:9606(Homo sapiens)	taxid:9606(human)|taxid:9606(Homo sapiens)	psi-mi:"MI:0914"(association)	psi-mi:"MI:0469"(European Bioinformatics Institute)	intact:EBI-21836991|imex:IM-25778-2281	intact-miscore:0.35	psi-mi:"MI:1060"(spoke expansion)	psi-mi:"MI:0499"(unspecified role)	psi-mi:"MI:0499"(unspecified role)	psi-mi:"MI:0496"(bait)	psi-mi:"MI:0498"(prey)	psi-mi:"MI:0326"(protein)	psi-mi:"MI:0326"(protein)	uniprotkb:Q92542-2(isoform-parent)|intact:EBI-998440(isoform-parent)|entrezgene/locuslink:23385(identity)	refseq:NP_001091.1|reactome:R-HSA-9913351|reactome:R-HSA-390522|rcsb pdb:9DUV|rcsb pdb:9DUU|rcsb pdb:7RNV|rcsb pdb:7RNU|rcsb pdb:7RNS|mint:P68133|interpro:IPR043129|interpro:IPR020902|interpro:IPR004001|interpro:IPR004000|iedb:926232(see-also)|iedb:882490(see-also)|iedb:879741(see-also)|iedb:877453(see-also)|iedb:788838(see-also)|iedb:775625(see-also)|iedb:535266(see-also)|iedb:530367(see-also)|iedb:530366(see-also)|iedb:524924(see-also)|iedb:523601(see-also)|iedb:518427(see-also)|iedb:518426(see-also)|iedb:518425(see-also)|iedb:514664(see-also)|iedb:514663(see-also)|iedb:514662(see-also)|iedb:503882(see-also)|iedb:439300(see-also)|iedb:437032(see-also)|efo:"Orphanet:171430"|efo:"Orphanet:171433"|efo:"Orphanet:171436"|efo:"Orphanet:171439"|efo:"Orphanet:2020"|efo:"Orphanet:447977"|efo:"Orphanet:97240"|efo:"Orphanet:97244"|efo:"Orphanet:98904"|panther:PTHR11937(orthology-group)|ensembl:ENSG00000143632.15(gene)|ensembl:ENST00000366684.7(transcript)|go:"GO:0001725"|go:"GO:0005200"|go:"GO:0005524"|go:"GO:0005615"|go:"GO:0005829"|go:"GO:0005865"|go:"GO:0005884"|go:"GO:0006936"|go:"GO:0010628"|go:"GO:0015629"|go:"GO:0016787"|go:"GO:0017022"|go:"GO:0030017"|go:"GO:0030027"|go:"GO:0030175"|go:"GO:0030240"|go:"GO:0043531"|go:"GO:0044297"|go:"GO:0048741"|go:"GO:0070062"|go:"GO:0072562"|go:"GO:0090131"|iedb:1118207(see-also)|iedb:1123650(see-also)|iedb:1736839(see-also)|iedb:177106(see-also)|iedb:2268421(see-also)|iedb:242203(see-also)|entrezgene/locuslink:58(identity)		isoform-comment:No experimental confirmation available. 	-	figure legend:Supplementary table 1|full coverage:Only protein-protein interactions	taxid:9606(human-293t)|taxid:9606(Homo sapiens HEK293T embryonic kidney cell)	-	2019/07/11	2026/01/11	-	crc64:DF2A3A046346A179	-	-	tandem tag:c-c	-	0	0	psi-mi:"MI:0102"(sequence tag identification)	psi-mi:"MI:0102"(sequence tag identification)
uniprotkb:P13928	uniprotkb:P68133	intact:EBI-2556840|uniprotkb:A6NDE6|uniprotkb:B4DKI1|uniprotkb:Q5T2P8|uniprotkb:A6NLM1|uniprotkb:Q6GMY3|uniprotkb:Q5VTM4|uniprotkb:Q9BT34|intact:EBI-2556866|uniprotkb:B4DTC9|ensembl:ENSP00000462880.1|intact:EBI-2556915|uniprotkb:P13928	uniprotkb:P02568|uniprotkb:P99020|uniprotkb:Q5T8M9|ensembl:ENSP00000355645.3|intact:EBI-367510|uniprotkb:P68133	psi-mi:anxa8_human(display_short)|psi-mi:Annexin A8(display_long)|uniprotkb:ANXA8(gene name)|uniprotkb:Vascular anticoagulant-beta(gene name synonym)|uniprotkb:Annexin VIII(gene name synonym)|uniprotkb:Annexin-8(gene name synonym)|uniprotkb:ANX8(gene name synonym)|IntAct:ANXA8(author assigned name)	psi-mi:acts_human(display_short)|psi-mi:Actin, alpha skeletal muscle(display_long)|uniprotkb:ACTA1(gene name)|uniprotkb:Alpha-actin-1(gene name synonym)|uniprotkb:ACTA(gene name synonym)|IntAct:Acta1(author assigned name)	psi-mi:"MI:0007"(anti tag coimmunoprecipitation)	Huttlin EL. et al.(2017)	intact:EBI-15481134|doi:10.1038/nature22366|pubmed:28514442|imex:IM-25778	taxid:9606(human)|taxid:9606(Homo sapiens)	taxid:9606(human)|taxid:9606(Homo sapiens)	psi-mi:"MI:0915"(physical association)	psi-mi:"MI:0469"(European Bioinformatics Institute)	intact:EBI-21877800|imex:IM-25778-7951	intact-miscore:0.59	-	psi-mi:"MI:0499"(unspecified role)	psi-mi:"MI:0499"(unspecified role)	psi-mi:"MI:0496"(bait)	psi-mi:"MI:0498"(prey)	psi-mi:"MI:0326"(protein)	psi-mi:"MI:0326"(protein)	panther:PTHR10502(orthology-group)|refseq:NP_001258632.1|refseq:NP_001258631.1|refseq:NP_001092315.2|refseq:NP_001035173.1|rcsb pdb:1W45|rcsb pdb:1W3W|mint:P13928|interpro:IPR037104|interpro:IPR018502|interpro:IPR018252|interpro:IPR009115|interpro:IPR001464|ensembl:ENSG00000265190.7(gene)|ensembl:ENST00000585281.6(transcript)|go:"GO:0001786"|go:"GO:0005509"|go:"GO:0005544"|go:"GO:0005546"|go:"GO:0005547"|go:"GO:0005737"|go:"GO:0005829"|go:"GO:0005886"|go:"GO:0007032"|go:"GO:0007596"|go:"GO:0012506"|go:"GO:0016197"|go:"GO:0019834"|go:"GO:0031902"|go:"GO:0042383"|go:"GO:0043325"|go:"GO:0051015"|go:"GO:0062023"|iedb:1085388(see-also)|iedb:1194460(see-also)|iedb:1239116(see-also)|iedb:1367891(see-also)|iedb:1618715(see-also)|iedb:1990013(see-also)|iedb:2166009(see-also)|iedb:2229217(see-also)|iedb:427636(see-also)|iedb:482713(see-also)|iedb:488776(see-also)|iedb:777847(see-also)|iedb:934670(see-also)|entrezgene/locuslink:653145(identity)	refseq:NP_001091.1|reactome:R-HSA-9913351|reactome:R-HSA-390522|rcsb pdb:9DUV|rcsb pdb:9DUU|rcsb pdb:7RNV|rcsb pdb:7RNU|rcsb pdb:7RNS|mint:P68133|interpro:IPR043129|interpro:IPR020902|interpro:IPR004001|interpro:IPR004000|iedb:926232(see-also)|iedb:882490(see-also)|iedb:879741(see-also)|iedb:877453(see-also)|iedb:788838(see-also)|iedb:775625(see-also)|iedb:535266(see-also)|iedb:530367(see-also)|iedb:530366(see-also)|iedb:524924(see-also)|iedb:523601(see-also)|iedb:518427(see-also)|iedb:518426(see-also)|iedb:518425(see-also)|iedb:514664(see-also)|iedb:514663(see-also)|iedb:514662(see-also)|iedb:503882(see-also)|iedb:439300(see-also)|iedb:437032(see-also)|efo:"Orphanet:171430"|efo:"Orphanet:171433"|efo:"Orphanet:171436"|efo:"Orphanet:171439"|efo:"Orphanet:2020"|efo:"Orphanet:447977"|efo:"Orphanet:97240"|efo:"Orphanet:97244"|efo:"Orphanet:98904"|panther:PTHR11937(orthology-group)|ensembl:ENSG00000143632.15(gene)|ensembl:ENST00000366684.7(transcript)|go:"GO:0001725"|go:"GO:0005200"|go:"GO:0005524"|go:"GO:0005615"|go:"GO:0005829"|go:"GO:0005865"|go:"GO:0005884"|go:"GO:0006936"|go:"GO:0010628"|go:"GO:0015629"|go:"GO:0016787"|go:"GO:0017022"|go:"GO:0030017"|go:"GO:0030027"|go:"GO:0030175"|go:"GO:0030240"|go:"GO:0043531"|go:"GO:0044297"|go:"GO:0048741"|go:"GO:0070062"|go:"GO:0072562"|go:"GO:0090131"|iedb:1118207(see-also)|iedb:1123650(see-also)|iedb:1736839(see-also)|iedb:177106(see-also)|iedb:2268421(see-also)|iedb:242203(see-also)|entrezgene/locuslink:58(identity)		-	-	figure legend:Supplementary table 1|full coverage:Only protein-protein interactions	taxid:9606(human-293t)|taxid:9606(Homo sapiens HEK293T embryonic kidney cell)	-	2019/07/11	2026/01/11	crc64:5DBBDBB6E723C298	crc64:DF2A3A046346A179	-	-	tandem tag:c-c	-	0	0	psi-mi:"MI:0102"(sequence tag identification)	psi-mi:"MI:0102"(sequence tag identification)
uniprotkb:Q9NRA8	uniprotkb:P68133	uniprotkb:B1AKL2|uniprotkb:Q8NCF2|uniprotkb:Q9H708|uniprotkb:B2RBF1|intact:EBI-877635|ensembl:ENSP00000328103.5|ensembl:ENSP00000380659.1|uniprotkb:B1AKL3|intact:EBI-301024|uniprotkb:Q9NRA8	uniprotkb:P02568|uniprotkb:P99020|uniprotkb:Q5T8M9|ensembl:ENSP00000355645.3|intact:EBI-367510|uniprotkb:P68133	psi-mi:4et_human(display_short)|psi-mi:Eukaryotic translation initiation factor 4E transporter(display_long)|uniprotkb:EIF4ENIF1(gene name)|uniprotkb:Eukaryotic translation initiation factor 4E nuclear import factor 1(gene name synonym)	psi-mi:acts_human(display_short)|psi-mi:Actin, alpha skeletal muscle(display_long)|uniprotkb:ACTA1(gene name)|uniprotkb:Alpha-actin-1(gene name synonym)|uniprotkb:ACTA(gene name synonym)	psi-mi:"MI:0276"(blue native page)	Bish R. et al.(2015)	intact:EBI-40200819|pubmed:26184334|imex:IM-29650	taxid:9606(human)|taxid:9606(Homo sapiens)	taxid:9606(human)|taxid:9606(Homo sapiens)	psi-mi:"MI:0915"(physical association)	psi-mi:"MI:0486"(UniProt)	intact:EBI-40203288|imex:IM-29650-17	intact-miscore:0.4	psi-mi:"MI:1060"(spoke expansion)	psi-mi:"MI:0499"(unspecified role)	psi-mi:"MI:0499"(unspecified role)	psi-mi:"MI:0497"(neutral component)	psi-mi:"MI:0497"(neutral component)	psi-mi:"MI:0326"(protein)	psi-mi:"MI:0326"(protein)	panther:PTHR12269(orthology-group)|refseq:XP_054181775.1|refseq:XP_054181774.1|refseq:XP_016884353.1|refseq:XP_011528583.1|refseq:XP_011528582.1|refseq:XP_005261745.1|refseq:XP_005261744.1|refseq:XP_005261743.1|refseq:NP_062817.2|refseq:NP_001157974.1|refseq:NP_001157973.1|rcsb pdb:6X2R|rcsb pdb:6F9W|rcsb pdb:5ANR|mint:Q9NRA8|interpro:IPR018862|iedb:986662(see-also)|iedb:949836(see-also)|iedb:877659(see-also)|iedb:761838(see-also)|iedb:759447(see-also)|iedb:735116(see-also)|iedb:728446(see-also)|iedb:726847(see-also)|iedb:725269(see-also)|iedb:724486(see-also)|iedb:721554(see-also)|iedb:709603(see-also)|iedb:702709(see-also)|iedb:626946(see-also)|iedb:624502(see-also)|iedb:584580(see-also)|iedb:576088(see-also)|iedb:574928(see-also)|iedb:573904(see-also)|iedb:493308(see-also)|iedb:484789(see-also)|iedb:470102(see-also)|iedb:2244602(see-also)|iedb:2243812(see-also)|iedb:2058926(see-also)|iedb:2044655(see-also)|iedb:2038673(see-also)|iedb:2033547(see-also)|iedb:2013537(see-also)|iedb:2007862(see-also)|ensembl:ENSG00000184708.18(gene)|ensembl:ENST00000330125.10(transcript)|ensembl:ENST00000397525.5(transcript)|go:"GO:0000932"|go:"GO:0003723"|go:"GO:0003729"|go:"GO:0005049"|go:"GO:0005634"|go:"GO:0005737"|go:"GO:0005829"|go:"GO:0006412"|go:"GO:0006606"|go:"GO:0016020"|go:"GO:0016605"|go:"GO:0016607"|go:"GO:0017148"|go:"GO:0019827"|go:"GO:0019900"|go:"GO:0030182"|go:"GO:0033962"|go:"GO:0035278"|go:"GO:0043231"|go:"GO:0045665"|go:"GO:0048255"|go:"GO:0060213"|go:"GO:0106289"|iedb:1012499(see-also)|iedb:1028398(see-also)|iedb:1028745(see-also)|iedb:1055165(see-also)|iedb:1341329(see-also)|iedb:1356128(see-also)|iedb:1362276(see-also)|iedb:1854309(see-also)|iedb:1866946(see-also)|iedb:2003535(see-also)	refseq:NP_001091.1|reactome:R-HSA-9913351|reactome:R-HSA-390522|rcsb pdb:9DUV|rcsb pdb:9DUU|rcsb pdb:7RNV|rcsb pdb:7RNU|rcsb pdb:7RNS|mint:P68133|interpro:IPR043129|interpro:IPR020902|interpro:IPR004001|interpro:IPR004000|iedb:926232(see-also)|iedb:882490(see-also)|iedb:879741(see-also)|iedb:877453(see-also)|iedb:788838(see-also)|iedb:775625(see-also)|iedb:535266(see-also)|iedb:530367(see-also)|iedb:530366(see-also)|iedb:524924(see-also)|iedb:523601(see-also)|iedb:518427(see-also)|iedb:518426(see-also)|iedb:518425(see-also)|iedb:514664(see-also)|iedb:514663(see-also)|iedb:514662(see-also)|iedb:503882(see-also)|iedb:439300(see-also)|iedb:437032(see-also)|efo:"Orphanet:171430"|efo:"Orphanet:171433"|efo:"Orphanet:171436"|efo:"Orphanet:171439"|efo:"Orphanet:2020"|efo:"Orphanet:447977"|efo:"Orphanet:97240"|efo:"Orphanet:97244"|efo:"Orphanet:98904"|panther:PTHR11937(orthology-group)|ensembl:ENSG00000143632.15(gene)|ensembl:ENST00000366684.7(transcript)|go:"GO:0001725"|go:"GO:0005200"|go:"GO:0005524"|go:"GO:0005615"|go:"GO:0005829"|go:"GO:0005865"|go:"GO:0005884"|go:"GO:0006936"|go:"GO:0010628"|go:"GO:0015629"|go:"GO:0016787"|go:"GO:0017022"|go:"GO:0030017"|go:"GO:0030027"|go:"GO:0030175"|go:"GO:0030240"|go:"GO:0043531"|go:"GO:0044297"|go:"GO:0048741"|go:"GO:0070062"|go:"GO:0072562"|go:"GO:0090131"|iedb:1118207(see-also)|iedb:1123650(see-also)|iedb:1736839(see-also)|iedb:177106(see-also)|iedb:2268421(see-also)|iedb:242203(see-also)		-	-	figure legend:Fig. 5B, Supp Table Gel Line 22|full coverage:Only protein-protein interactions	taxid:9606(human-293)|taxid:9606(Homo sapiens HEK293 embryonic kidney cell)	-	2023/01/19	2026/01/11	crc64:4C898E0488903C04	crc64:DF2A3A046346A179	-	-	-	-	0	0	psi-mi:"MI:0102"(sequence tag identification)	psi-mi:"MI:0102"(sequence tag identification)
uniparc:UPI000011F891	uniprotkb:P68133	intact:EBI-70800930	uniprotkb:P02568|uniprotkb:P99020|uniprotkb:Q5T8M9|ensembl:ENSP00000355645.3|intact:EBI-367510|uniprotkb:P68133	psi-mi:bcr-abl1 e13a2 fusion protein(display_short)	psi-mi:acts_human(display_short)|psi-mi:Actin, alpha skeletal muscle(display_long)|uniprotkb:ACTA1(gene name)|uniprotkb:Alpha-actin-1(gene name synonym)|uniprotkb:ACTA(gene name synonym)	psi-mi:"MI:0006"(anti bait coimmunoprecipitation)	Patel H. et al.(2011)	intact:EBI-67151369|pubmed:21314824|imex:IM-30498	taxid:9606(human)|taxid:9606(Homo sapiens)	taxid:9606(human)|taxid:9606(Homo sapiens)	psi-mi:"MI:0914"(association)	psi-mi:"MI:0469"(European Bioinformatics Institute)	intact:EBI-67152306|imex:IM-30498-177	intact-miscore:0.5	psi-mi:"MI:1060"(spoke expansion)	psi-mi:"MI:0499"(unspecified role)	psi-mi:"MI:0499"(unspecified role)	psi-mi:"MI:0496"(bait)	psi-mi:"MI:0498"(prey)	psi-mi:"MI:0326"(protein)	psi-mi:"MI:0326"(protein)	-	refseq:NP_001091.1|reactome:R-HSA-9913351|reactome:R-HSA-390522|rcsb pdb:9DUV|rcsb pdb:9DUU|rcsb pdb:7RNV|rcsb pdb:7RNU|rcsb pdb:7RNS|mint:P68133|interpro:IPR043129|interpro:IPR020902|interpro:IPR004001|interpro:IPR004000|iedb:926232(see-also)|iedb:882490(see-also)|iedb:879741(see-also)|iedb:877453(see-also)|iedb:788838(see-also)|iedb:775625(see-also)|iedb:535266(see-also)|iedb:530367(see-also)|iedb:530366(see-also)|iedb:524924(see-also)|iedb:523601(see-also)|iedb:518427(see-also)|iedb:518426(see-also)|iedb:518425(see-also)|iedb:514664(see-also)|iedb:514663(see-also)|iedb:514662(see-also)|iedb:503882(see-also)|iedb:439300(see-also)|iedb:437032(see-also)|efo:"Orphanet:171430"|efo:"Orphanet:171433"|efo:"Orphanet:171436"|efo:"Orphanet:171439"|efo:"Orphanet:2020"|efo:"Orphanet:447977"|efo:"Orphanet:97240"|efo:"Orphanet:97244"|efo:"Orphanet:98904"|panther:PTHR11937(orthology-group)|ensembl:ENSG00000143632.15(gene)|ensembl:ENST00000366684.7(transcript)|go:"GO:0001725"|go:"GO:0005200"|go:"GO:0005524"|go:"GO:0005615"|go:"GO:0005829"|go:"GO:0005865"|go:"GO:0005884"|go:"GO:0006936"|go:"GO:0010628"|go:"GO:0015629"|go:"GO:0016787"|go:"GO:0017022"|go:"GO:0030017"|go:"GO:0030027"|go:"GO:0030175"|go:"GO:0030240"|go:"GO:0043531"|go:"GO:0044297"|go:"GO:0048741"|go:"GO:0070062"|go:"GO:0072562"|go:"GO:0090131"|iedb:1118207(see-also)|iedb:1123650(see-also)|iedb:1736839(see-also)|iedb:177106(see-also)|iedb:2268421(see-also)|iedb:242203(see-also)		-	-	figure legend:1B|full coverage:Only protein-protein interactions	taxid:9606(human-kyo1)|taxid:9606(human kyo1 chronic myelogenous leukemia cell line)	-	2025/09/23	2026/01/11	-	crc64:DF2A3A046346A179	-	-	-	-	0	0	psi-mi:"MI:0113"(western blot)	psi-mi:"MI:0113"(western blot)
uniparc:UPI000011F891	uniprotkb:P68133	intact:EBI-70800930	uniprotkb:P02568|uniprotkb:P99020|uniprotkb:Q5T8M9|ensembl:ENSP00000355645.3|intact:EBI-367510|uniprotkb:P68133	psi-mi:bcr-abl1 e13a2 fusion protein(display_short)	psi-mi:acts_human(display_short)|psi-mi:Actin, alpha skeletal muscle(display_long)|uniprotkb:ACTA1(gene name)|uniprotkb:Alpha-actin-1(gene name synonym)|uniprotkb:ACTA(gene name synonym)	psi-mi:"MI:0006"(anti bait coimmunoprecipitation)	Patel H. et al.(2011)	intact:EBI-67151369|pubmed:21314824|imex:IM-30498	taxid:9606(human)|taxid:9606(Homo sapiens)	taxid:9606(human)|taxid:9606(Homo sapiens)	psi-mi:"MI:0914"(association)	psi-mi:"MI:0469"(European Bioinformatics Institute)	intact:EBI-67152329|imex:IM-30498-179	intact-miscore:0.5	psi-mi:"MI:1060"(spoke expansion)	psi-mi:"MI:0499"(unspecified role)	psi-mi:"MI:0499"(unspecified role)	psi-mi:"MI:0496"(bait)	psi-mi:"MI:0498"(prey)	psi-mi:"MI:0326"(protein)	psi-mi:"MI:0326"(protein)	-	refseq:NP_001091.1|reactome:R-HSA-9913351|reactome:R-HSA-390522|rcsb pdb:9DUV|rcsb pdb:9DUU|rcsb pdb:7RNV|rcsb pdb:7RNU|rcsb pdb:7RNS|mint:P68133|interpro:IPR043129|interpro:IPR020902|interpro:IPR004001|interpro:IPR004000|iedb:926232(see-also)|iedb:882490(see-also)|iedb:879741(see-also)|iedb:877453(see-also)|iedb:788838(see-also)|iedb:775625(see-also)|iedb:535266(see-also)|iedb:530367(see-also)|iedb:530366(see-also)|iedb:524924(see-also)|iedb:523601(see-also)|iedb:518427(see-also)|iedb:518426(see-also)|iedb:518425(see-also)|iedb:514664(see-also)|iedb:514663(see-also)|iedb:514662(see-also)|iedb:503882(see-also)|iedb:439300(see-also)|iedb:437032(see-also)|efo:"Orphanet:171430"|efo:"Orphanet:171433"|efo:"Orphanet:171436"|efo:"Orphanet:171439"|efo:"Orphanet:2020"|efo:"Orphanet:447977"|efo:"Orphanet:97240"|efo:"Orphanet:97244"|efo:"Orphanet:98904"|panther:PTHR11937(orthology-group)|ensembl:ENSG00000143632.15(gene)|ensembl:ENST00000366684.7(transcript)|go:"GO:0001725"|go:"GO:0005200"|go:"GO:0005524"|go:"GO:0005615"|go:"GO:0005829"|go:"GO:0005865"|go:"GO:0005884"|go:"GO:0006936"|go:"GO:0010628"|go:"GO:0015629"|go:"GO:0016787"|go:"GO:0017022"|go:"GO:0030017"|go:"GO:0030027"|go:"GO:0030175"|go:"GO:0030240"|go:"GO:0043531"|go:"GO:0044297"|go:"GO:0048741"|go:"GO:0070062"|go:"GO:0072562"|go:"GO:0090131"|iedb:1118207(see-also)|iedb:1123650(see-also)|iedb:1736839(see-also)|iedb:177106(see-also)|iedb:2268421(see-also)|iedb:242203(see-also)		-	-	figure legend:1B|full coverage:Only protein-protein interactions	taxid:9606(human-kcl22)|taxid:9606(Homo sapiens KCL-22 chronic myeloid leukemia cell)	-	2025/09/23	2026/01/11	-	crc64:DF2A3A046346A179	-	-	-	-	0	0	psi-mi:"MI:0113"(western blot)	psi-mi:"MI:0113"(western blot)
uniprotkb:Q8WYL5	uniprotkb:P68133	uniprotkb:Q6P6C0|uniprotkb:Q8N9A7|uniprotkb:Q8WYL3|uniprotkb:Q8WYL4|uniprotkb:Q9P2P8|ensembl:ENSP00000315713.5|intact:EBI-1222387|uniprotkb:Q8WYL5	uniprotkb:P02568|uniprotkb:P99020|uniprotkb:Q5T8M9|ensembl:ENSP00000355645.3|intact:EBI-367510|uniprotkb:P68133	psi-mi:ssh1_human(display_short)|psi-mi:Protein phosphatase Slingshot homolog 1(display_long)|uniprotkb:SSH1(gene name)|uniprotkb:SSH-like protein 1(gene name synonym)|uniprotkb:SSH1L(gene name synonym)|uniprotkb:KIAA1298(gene name synonym)	psi-mi:acts_human(display_short)|psi-mi:Actin, alpha skeletal muscle(display_long)|uniprotkb:ACTA1(gene name)|uniprotkb:Alpha-actin-1(gene name synonym)|uniprotkb:ACTA(gene name synonym)	psi-mi:"MI:0019"(coimmunoprecipitation)	Soosairajah J. et al.(2005)	intact:EBI-7460345|mint:MINT-8217592|mint:MINT-8217581|pubmed:15660133|doi:10.1038/sj.emboj.7600543	taxid:9606(human)|taxid:9606(Homo sapiens)	taxid:9606(human)|taxid:9606(Homo sapiens)	psi-mi:"MI:0915"(physical association)	psi-mi:"MI:0471"(MINT, Dpt of Biology, University of Rome Tor Vergata)	intact:EBI-7460397|mint:MINT-8220512	intact-miscore:0.4	psi-mi:"MI:1060"(spoke expansion)	psi-mi:"MI:0499"(unspecified role)	psi-mi:"MI:0499"(unspecified role)	psi-mi:"MI:0496"(bait)	psi-mi:"MI:0498"(prey)	psi-mi:"MI:0326"(protein)	psi-mi:"MI:0326"(protein)	refseq:XP_054228304.1|refseq:XP_047284982.1|refseq:XP_016874983.1|refseq:XP_016874982.1|refseq:NP_061857.3|refseq:NP_001154803.1|refseq:NP_001154802.1|mint:Q8WYL5|interpro:IPR043588|interpro:IPR043587|interpro:IPR029021|interpro:IPR027233|interpro:IPR020422|interpro:IPR016130|interpro:IPR014876|interpro:IPR000387|interpro:IPR000340|iedb:991699(see-also)|iedb:953902(see-also)|iedb:889013(see-also)|iedb:876377(see-also)|iedb:840079(see-also)|iedb:726595(see-also)|iedb:719372(see-also)|iedb:702140(see-also)|iedb:630245(see-also)|iedb:622806(see-also)|iedb:565117(see-also)|iedb:564067(see-also)|iedb:564044(see-also)|iedb:544344(see-also)|iedb:492025(see-also)|iedb:485828(see-also)|iedb:482219(see-also)|iedb:458781(see-also)|iedb:457515(see-also)|iedb:2229113(see-also)|iedb:2143855(see-also)|iedb:2063902(see-also)|panther:PTHR45864(orthology-group)|ensembl:ENSG00000084112.15(gene)|ensembl:ENST00000326495.10(transcript)|go:"GO:0000902"|go:"GO:0003779"|go:"GO:0004721"|go:"GO:0004722"|go:"GO:0004725"|go:"GO:0005737"|go:"GO:0005856"|go:"GO:0005886"|go:"GO:0006470"|go:"GO:0030027"|go:"GO:0030036"|go:"GO:0030426"|go:"GO:0030496"|go:"GO:0030837"|go:"GO:0031915"|go:"GO:0032154"|go:"GO:0045202"|go:"GO:0051246"|go:"GO:0071318"|go:"GO:0098976"|go:"GO:1904719"|go:"GO:1904754"|go:"GO:2000463"|iedb:1006870(see-also)|iedb:1023628(see-also)|iedb:1088054(see-also)|iedb:1110704(see-also)|iedb:1308307(see-also)|iedb:1337850(see-also)|iedb:1908055(see-also)|iedb:1916720(see-also)|iedb:1922313(see-also)|iedb:1942686(see-also)|iedb:1997859(see-also)|iedb:2046294(see-also)|mint:MINT-8220514(identity)	refseq:NP_001091.1|reactome:R-HSA-9913351|reactome:R-HSA-390522|rcsb pdb:9DUV|rcsb pdb:9DUU|rcsb pdb:7RNV|rcsb pdb:7RNU|rcsb pdb:7RNS|mint:P68133|interpro:IPR043129|interpro:IPR020902|interpro:IPR004001|interpro:IPR004000|iedb:926232(see-also)|iedb:882490(see-also)|iedb:879741(see-also)|iedb:877453(see-also)|iedb:788838(see-also)|iedb:775625(see-also)|iedb:535266(see-also)|iedb:530367(see-also)|iedb:530366(see-also)|iedb:524924(see-also)|iedb:523601(see-also)|iedb:518427(see-also)|iedb:518426(see-also)|iedb:518425(see-also)|iedb:514664(see-also)|iedb:514663(see-also)|iedb:514662(see-also)|iedb:503882(see-also)|iedb:439300(see-also)|iedb:437032(see-also)|efo:"Orphanet:171430"|efo:"Orphanet:171433"|efo:"Orphanet:171436"|efo:"Orphanet:171439"|efo:"Orphanet:2020"|efo:"Orphanet:447977"|efo:"Orphanet:97240"|efo:"Orphanet:97244"|efo:"Orphanet:98904"|panther:PTHR11937(orthology-group)|ensembl:ENSG00000143632.15(gene)|ensembl:ENST00000366684.7(transcript)|go:"GO:0001725"|go:"GO:0005200"|go:"GO:0005524"|go:"GO:0005615"|go:"GO:0005829"|go:"GO:0005865"|go:"GO:0005884"|go:"GO:0006936"|go:"GO:0010628"|go:"GO:0015629"|go:"GO:0016787"|go:"GO:0017022"|go:"GO:0030017"|go:"GO:0030027"|go:"GO:0030175"|go:"GO:0030240"|go:"GO:0043531"|go:"GO:0044297"|go:"GO:0048741"|go:"GO:0070062"|go:"GO:0072562"|go:"GO:0090131"|iedb:1118207(see-also)|iedb:1123650(see-also)|iedb:1736839(see-also)|iedb:177106(see-also)|iedb:2268421(see-also)|iedb:242203(see-also)|mint:MINT-8220515(identity)	-	-	-	comment:mint|figure legend:f2a|partial coverage:partial coverage	taxid:9606(human-293)|taxid:9606(Homo sapiens HEK293 embryonic kidney cell)	-	2013/08/22	2026/01/11	crc64:0600B9690F0E6F9C	crc64:DF2A3A046346A179	-	-	-	-	0	0	psi-mi:"MI:0707"(anti tag immunostaining)	psi-mi:"MI:0707"(anti tag immunostaining)
intact:EBI-7460430	uniprotkb:P68133	intact:MINT-8220664	uniprotkb:P02568|uniprotkb:P99020|uniprotkb:Q5T8M9|ensembl:ENSP00000355645.3|intact:EBI-367510|uniprotkb:P68133	psi-mi:ssh-2(display_short)|psi-mi:SSH-2(display_long)	psi-mi:acts_human(display_short)|psi-mi:Actin, alpha skeletal muscle(display_long)|uniprotkb:ACTA1(gene name)|uniprotkb:Alpha-actin-1(gene name synonym)|uniprotkb:ACTA(gene name synonym)	psi-mi:"MI:0019"(coimmunoprecipitation)	Soosairajah J. et al.(2005)	intact:EBI-7460345|mint:MINT-8217592|mint:MINT-8217581|pubmed:15660133|doi:10.1038/sj.emboj.7600543	taxid:9606(human)|taxid:9606(Homo sapiens)	taxid:9606(human)|taxid:9606(Homo sapiens)	psi-mi:"MI:0915"(physical association)	psi-mi:"MI:0471"(MINT, Dpt of Biology, University of Rome Tor Vergata)	intact:EBI-7460436|mint:MINT-8220587	intact-miscore:0.4	psi-mi:"MI:1060"(spoke expansion)	psi-mi:"MI:0499"(unspecified role)	psi-mi:"MI:0499"(unspecified role)	psi-mi:"MI:0496"(bait)	psi-mi:"MI:0498"(prey)	psi-mi:"MI:0326"(protein)	psi-mi:"MI:0326"(protein)	uniprotkb:Q76176-4(uniprot-removed-ac)|mint:MINT-8220589(identity)	refseq:NP_001091.1|reactome:R-HSA-9913351|reactome:R-HSA-390522|rcsb pdb:9DUV|rcsb pdb:9DUU|rcsb pdb:7RNV|rcsb pdb:7RNU|rcsb pdb:7RNS|mint:P68133|interpro:IPR043129|interpro:IPR020902|interpro:IPR004001|interpro:IPR004000|iedb:926232(see-also)|iedb:882490(see-also)|iedb:879741(see-also)|iedb:877453(see-also)|iedb:788838(see-also)|iedb:775625(see-also)|iedb:535266(see-also)|iedb:530367(see-also)|iedb:530366(see-also)|iedb:524924(see-also)|iedb:523601(see-also)|iedb:518427(see-also)|iedb:518426(see-also)|iedb:518425(see-also)|iedb:514664(see-also)|iedb:514663(see-also)|iedb:514662(see-also)|iedb:503882(see-also)|iedb:439300(see-also)|iedb:437032(see-also)|efo:"Orphanet:171430"|efo:"Orphanet:171433"|efo:"Orphanet:171436"|efo:"Orphanet:171439"|efo:"Orphanet:2020"|efo:"Orphanet:447977"|efo:"Orphanet:97240"|efo:"Orphanet:97244"|efo:"Orphanet:98904"|panther:PTHR11937(orthology-group)|ensembl:ENSG00000143632.15(gene)|ensembl:ENST00000366684.7(transcript)|go:"GO:0001725"|go:"GO:0005200"|go:"GO:0005524"|go:"GO:0005615"|go:"GO:0005829"|go:"GO:0005865"|go:"GO:0005884"|go:"GO:0006936"|go:"GO:0010628"|go:"GO:0015629"|go:"GO:0016787"|go:"GO:0017022"|go:"GO:0030017"|go:"GO:0030027"|go:"GO:0030175"|go:"GO:0030240"|go:"GO:0043531"|go:"GO:0044297"|go:"GO:0048741"|go:"GO:0070062"|go:"GO:0072562"|go:"GO:0090131"|iedb:1118207(see-also)|iedb:1123650(see-also)|iedb:1736839(see-also)|iedb:177106(see-also)|iedb:2268421(see-also)|iedb:242203(see-also)|mint:MINT-8220590(identity)	-	caution:The sequence has been withdrawn from uniprot.|An amino acid sequence which is not represented in UniProt|comment:mint	-	comment:mint|figure legend:f2a|partial coverage:partial coverage	taxid:9606(human-293)|taxid:9606(Homo sapiens HEK293 embryonic kidney cell)	-	2013/08/22	2026/01/11	-	crc64:DF2A3A046346A179	-	-	-	-	0	0	psi-mi:"MI:0707"(anti tag immunostaining)	psi-mi:"MI:0707"(anti tag immunostaining)
uniprotkb:Q96II8	uniprotkb:P68133	uniprotkb:Q9NT52|uniprotkb:Q96FP9|intact:EBI-10963906|uniprotkb:B4E0T7|ensembl:ENSP00000393579.2|intact:EBI-8795942|uniprotkb:Q96II8	uniprotkb:P02568|uniprotkb:P99020|uniprotkb:Q5T8M9|ensembl:ENSP00000355645.3|intact:EBI-367510|uniprotkb:P68133	psi-mi:lrch3_human(display_short)|psi-mi:DISP complex protein LRCH3(display_long)|uniprotkb:LRCH3(gene name)|uniprotkb:Leucine-rich repeat and calponin homology domain-containing protein 3(gene name synonym)|IntAct:LRCH3(author assigned name)	psi-mi:acts_human(display_short)|psi-mi:Actin, alpha skeletal muscle(display_long)|uniprotkb:ACTA1(gene name)|uniprotkb:Alpha-actin-1(gene name synonym)|uniprotkb:ACTA(gene name synonym)|IntAct:Acta1(author assigned name)	psi-mi:"MI:0007"(anti tag coimmunoprecipitation)	Couzens A.L. et al.(2013)	intact:EBI-8794434|pubmed:24255178|imex:IM-21541	taxid:9606(human)|taxid:9606(Homo sapiens)	taxid:9606(human)|taxid:9606(Homo sapiens)	psi-mi:"MI:0914"(association)	psi-mi:"MI:0469"(European Bioinformatics Institute)	intact:EBI-8796001|imex:IM-21541-12	intact-miscore:0.35	psi-mi:"MI:1060"(spoke expansion)	psi-mi:"MI:0499"(unspecified role)	psi-mi:"MI:0499"(unspecified role)	psi-mi:"MI:0496"(bait)	psi-mi:"MI:0498"(prey)	psi-mi:"MI:0326"(protein)	psi-mi:"MI:0326"(protein)	panther:PTHR16083(orthology-group)|refseq:XP_006713854.1|refseq:XP_005269419.1|refseq:NP_116162.1|refseq:NP_001352644.1|refseq:NP_001350816.1|mint:Q96II8|interpro:IPR050216|interpro:IPR036872|interpro:IPR032675|interpro:IPR003591|interpro:IPR001715|interpro:IPR001611|iedb:995388(see-also)|iedb:893151(see-also)|iedb:880743(see-also)|iedb:762608(see-also)|iedb:732846(see-also)|iedb:726123(see-also)|iedb:703068(see-also)|iedb:701796(see-also)|iedb:701005(see-also)|iedb:651247(see-also)|iedb:637945(see-also)|iedb:631422(see-also)|iedb:628839(see-also)|iedb:615781(see-also)|iedb:576107(see-also)|iedb:572144(see-also)|iedb:568397(see-also)|iedb:564872(see-also)|iedb:493096(see-also)|iedb:475678(see-also)|iedb:474631(see-also)|iedb:472726(see-also)|iedb:454413(see-also)|iedb:451831(see-also)|iedb:451589(see-also)|iedb:446322(see-also)|iedb:444321(see-also)|iedb:436694(see-also)|iedb:240327(see-also)|iedb:2259888(see-also)|iedb:222052(see-also)|iedb:2140804(see-also)|iedb:2139093(see-also)|iedb:2021968(see-also)|ensembl:ENSG00000186001.14(gene)|ensembl:ENST00000425562.7(transcript)|go:"GO:0005737"|go:"GO:0005829"|go:"GO:0032185"|iedb:1018397(see-also)|iedb:1018479(see-also)|iedb:1028520(see-also)|iedb:1050120(see-also)|iedb:1057994(see-also)|iedb:1086529(see-also)|iedb:1086530(see-also)|iedb:1115070(see-also)|iedb:1271916(see-also)|iedb:1318584(see-also)|iedb:1336584(see-also)|iedb:1340230(see-also)|iedb:1340360(see-also)|iedb:1344492(see-also)|iedb:1370560(see-also)|iedb:1371719(see-also)|iedb:1565721(see-also)|iedb:1568198(see-also)|iedb:1584359(see-also)|iedb:1603262(see-also)|iedb:1622448(see-also)|iedb:1712076(see-also)|iedb:1712644(see-also)|iedb:1744523(see-also)|iedb:1744524(see-also)|iedb:1815412(see-also)|iedb:1850864(see-also)|iedb:1864453(see-also)|iedb:1864909(see-also)|iedb:1919152(see-also)|iedb:1920646(see-also)|iedb:1938627(see-also)|iedb:1981302(see-also)|iedb:1981474(see-also)|ddbj/embl/genbank:DQ893268(identity)|uniprotkb:Q96II8(identity)	refseq:NP_001091.1|reactome:R-HSA-9913351|reactome:R-HSA-390522|rcsb pdb:9DUV|rcsb pdb:9DUU|rcsb pdb:7RNV|rcsb pdb:7RNU|rcsb pdb:7RNS|mint:P68133|interpro:IPR043129|interpro:IPR020902|interpro:IPR004001|interpro:IPR004000|iedb:926232(see-also)|iedb:882490(see-also)|iedb:879741(see-also)|iedb:877453(see-also)|iedb:788838(see-also)|iedb:775625(see-also)|iedb:535266(see-also)|iedb:530367(see-also)|iedb:530366(see-also)|iedb:524924(see-also)|iedb:523601(see-also)|iedb:518427(see-also)|iedb:518426(see-also)|iedb:518425(see-also)|iedb:514664(see-also)|iedb:514663(see-also)|iedb:514662(see-also)|iedb:503882(see-also)|iedb:439300(see-also)|iedb:437032(see-also)|efo:"Orphanet:171430"|efo:"Orphanet:171433"|efo:"Orphanet:171436"|efo:"Orphanet:171439"|efo:"Orphanet:2020"|efo:"Orphanet:447977"|efo:"Orphanet:97240"|efo:"Orphanet:97244"|efo:"Orphanet:98904"|panther:PTHR11937(orthology-group)|ensembl:ENSG00000143632.15(gene)|ensembl:ENST00000366684.7(transcript)|go:"GO:0001725"|go:"GO:0005200"|go:"GO:0005524"|go:"GO:0005615"|go:"GO:0005829"|go:"GO:0005865"|go:"GO:0005884"|go:"GO:0006936"|go:"GO:0010628"|go:"GO:0015629"|go:"GO:0016787"|go:"GO:0017022"|go:"GO:0030017"|go:"GO:0030027"|go:"GO:0030175"|go:"GO:0030240"|go:"GO:0043531"|go:"GO:0044297"|go:"GO:0048741"|go:"GO:0070062"|go:"GO:0072562"|go:"GO:0090131"|iedb:1118207(see-also)|iedb:1123650(see-also)|iedb:1736839(see-also)|iedb:177106(see-also)|iedb:2268421(see-also)|iedb:242203(see-also)|genbank_protein_gi:4501881(identity)|uniprotkb:P68133(identity)	psi-mi:"MI:0469"(source reference)	-	-	figure legend:Supplementary table 5|full coverage:Only protein-protein interactions	taxid:9606(human-293)|taxid:9606(Homo sapiens HEK293 embryonic kidney cell)	-	2013/10/16	2026/01/11	crc64:AB317F58DB98AB4A	crc64:DF2A3A046346A179	-	-	flag tag:n-n	-	0	0	psi-mi:"MI:0102"(sequence tag identification)	psi-mi:"MI:0102"(sequence tag identification)
